{
  "$schema": "https://developer.joomla.org/schemas/json-schema/web_assets.json",
  "name": "muta",
  "version": "0.0.1",
  "description": "This file contains details of the assets used by muta template.",
  "license": "GPL-2.0-or-later",
  "assets": [
    {
      "name": "template.muta.ltr",
      "description": "The css file to be used when the site is left to right (LTR).",
      "type": "style",
      "uri": "template.min.css",
      "dependencies": [
        "fontawesome"
      ]
    },
    {
      "name": "template.muta.rtl",
      "description": "The css file to be used when the site is right to left (RTL).",
      "type": "style",
      "uri": "template-rtl.min.css",
      "dependencies": [
        "fontawesome"
      ]
    },
    {
      "name": "template.active.language",
      "description": "An asset to allow language specific css, eg 'language/[lang-CODE]/[lang-CODE].css', to use it as a dependency to the active template",
      "type": "style",
      "uri": "",
      "class": "LangActiveAssetItem",
      "client": "administrator",
      "dependencies": [
        "template.active"
      ]
    },
    {
      "name": "template.user",
      "description": "A file where a user can add their own css.",
      "type": "style",
      "uri": "user.css",
      "weight": 500,
      "dependencies": [
        "template.active",
        "template.active.language"
      ]
    },
    {
      "name": "template.muta",
      "description": "The file containing the javascript for this template.",
      "type": "script",
      "uri": "media/templates/administrator/muta/js/template.min.js",
      "dependencies": [
        "core"
      ],
      "attributes": {
      "type": "module"
      }
    },
    {
      "name": "template.active",
      "description": "A dummy asset to allow extensions to use it as a dependency to the active template",
      "type": "script",
      "uri": "",
      "dependencies": [
        "template.muta"
      ]
    },
    {
      "name": "template.muta.base",
      "type": "preset",
      "dependencies": [
        "core#script",
        "template.muta#script"
      ]
    },
    {
      "name": "template.muta.ltr",
      "type": "preset",
      "dependencies": [
        "template.muta.base",
        "template.muta.ltr#style"
      ]
    },
    {
      "name": "template.muta.rtl",
      "type": "preset",
      "dependencies": [
        "template.muta.base",
        "template.muta.rtl#style"
      ]
    },
    {
      "name": "searchtools",
      "type": "style",
      "uri": "system/searchtools/searchtools.min.css"
    }
  ]
}
