<?xml version="1.0" encoding="utf-8"?>
<extension type="template" client="administrator" method="upgrade">
  <name>muta</name>
  <author>dgrammatiko</author>
  <creationDate>December 2022</creationDate>
  <copyright>(C) 2022 dgrammatiko, All Rights Reserved.</copyright>
  <license>http://www.gnu.org/copyleft/gpl.html GNU/GPL</license>
  <authorEmail>d.grammatiko@gmail.com</authorEmail>
  <authorUrl>https://dgrammatiko.dev</authorUrl>
  <version>0.0.1</version>
  <description>atum++</description>
  <inheritable>1</inheritable>
  <files>
    <filename>component.php</filename>
    <filename>cpanel.php</filename>
    <filename>error.php</filename>
    <filename>index.php</filename>
    <filename>login.php</filename>
    <filename>joomla.asset.json</filename>
    <filename>templateDetails.xml</filename>
    <folder>fields</folder>
    <folder>html</folder>
    <folder>language</folder>
  </files>
  <media destination="templates/administrator/muta" folder="media">
    <folder>css</folder>
    <folder>images</folder>
    <folder>js</folder>
  </media>
  <positions>
    <!-- used directly in the template -->
    <position>bottom</position>
    <position>debug</position>
    <position>menu</position>
    <position>sidebar</position>
    <position>status</position>
    <position>title</position>
    <position>top</position>
    <position>toolbar</position>
    <!-- used directly in a component and included here so the position will appear in the list of available positions -->
    <position>cpanel</position>
    <position>icon</position>
    <position>login</position>
    <position>customtop</position>
  </positions>
  <config>
  <fields name="params" addfieldpath="/administrator/templates/muta/fields">
    <fieldset name="colors" label="TPL_MUTA_COLORS_SETTINGS_LABEL">
      <field name="muta-colors" type="Dgcolor" hidden="true" />
      <field name="monochrome" type="radio" label="TPL_MUTA_COLORS_SETTINGS_MONOCHROME_LABEL" layout="joomla.form.field.radio.switcher" default="0">
        <option value="0">JNO</option>
        <option value="1">JYES</option>
      </field>
    </fieldset>

    <fieldset name="images" label="TPL_MUTA_IMAGE_SETTINGS_LABEL">
    <fieldset name="loginLogo" label="TPL_MUTA_LOGIN_LOGO_LABEL">
      <field name="loginLogo" type="media" label="TPL_MUTA_IMAGE_LABEL" />
      <field name="loginLogoAlt" type="text" label="TPL_MUTA_LOGO_ALT_LABEL" />
      <field name="emptyLoginLogoAlt" type="checkbox" label="TPL_MUTA_LOGO_ALT_EMPTY_LABEL" description="TPL_MUTA_LOGO_ALT_EMPTY_DESC" />
    </fieldset>
    <fieldset name="logoBrandLarge" label="TPL_MUTA_SITE_LOGO_LABEL">
      <field name="logoBrandLarge" type="media" label="TPL_MUTA_IMAGE_LABEL" />
      <field name="logoBrandLargeAlt" type="text" label="TPL_MUTA_LOGO_ALT_LABEL" />
      <field name="emptyLogoBrandLargeAlt" type="checkbox" label="TPL_MUTA_LOGO_ALT_EMPTY_LABEL" description="TPL_MUTA_LOGO_ALT_EMPTY_DESC" />
    </fieldset>
    <fieldset name="logoBrandSmall" label="TPL_MUTA_SITE_LOGO_SMALL_LABEL">
      <field name="logoBrandSmall" type="media" label="TPL_MUTA_IMAGE_LABEL" />
      <field name="logoBrandSmallAlt" type="text" label="TPL_MUTA_LOGO_ALT_LABEL" />
      <field name="emptyLogoBrandSmallAlt" type="checkbox" label="TPL_MUTA_LOGO_ALT_EMPTY_LABEL" description="TPL_MUTA_LOGO_ALT_EMPTY_DESC" />
    </fieldset>
    </fieldset>
  </fields>
  </config>
</extension>
